[
    {
    "key":0,
    "title":"Raiders of the Lost Ark",
    "img":"https://upload.wikimedia.org/wikipedia/en/4/4c/Raiders_of_the_Lost_Ark.jpg",
    "duration":15100,
    "year":1981,
    "genre":"Adventure",
    "plot":[
      {
        "key":"0",
        "text":"In 1936, archaeologist Indiana Jones braves an ancient booby-trapped temple in Peru and retrieves a golden idol. He is confronted by rival archaeologist René Belloq and the indigenous Hovito people. Surrounded and outnumbered, Indy surrenders the idol to Belloq and escapes aboard a waiting floatplane. ",
        "timecode":1500
      },
      {
        "key":"1",
        "text":"The pair travels to Cairo, where they meet up with Indys friend Sallah, a skilled excavator. Sallah informs them that Belloq and the Nazis are digging for the Well of Souls with a replica of the headpiece (created from the scar on Tohts hand). They quickly realize the Nazi headpiece is incomplete and that the Nazis are digging in the wrong place. The Nazis kidnap Marion and it appears to Jones that she is killed in an exploding truck. ",
        "timecode":4500
      },
      {
        "key":"2",
        "text":"In Washington, D.C., the Army Intelligence agents inform Jones and Marcus Brody that the Ark is someplace safe and will be studied by top men. The Ark is shown being stored in a giant government warehouse among countless similar crates.",
        "timecode":12000
      }
    ]
    },
    {
    "key":1,
    "title":"Jurassic Park",
    "img":"http://img.moviepostershop.com/jurassic-park-movie-poster-1992-1020141477.jpg",
    "duration":20700,
    "year":1993,
    "genre":"Action",
    "plot":[
      {
        "key":"0",
        "text":"Industrialist John Hammond and his bioengineering company, InGen, have created a theme park called Jurassic Park on Isla Nublar, a Costa Rican island, populated with cloned dinosaurs. After one of the dinosaur handlers is killed by a Velociraptor, the parks investors, represented by lawyer Donald Gennaro, say that experts must visit the park and certify it as safe. Gennaro invites mathematician Ian Malcolm, while Hammond invites paleontologist Dr. Alan Grant and paleobotanist Dr. Ellie Sattler. Upon arrival, the group is stunned to see a live Brachiosaurus. ",
        "timecode":1500
      },
      {
        "key":"1",
        "text":"Jurassic Parks computer programmer, Dennis Nedry, has been bribed by Dodgson, a man involved with a corporate rival, to steal dinosaur embryos. Nedry deactivates the parks security system to gain access to the embryo storage room. Nedry stores the embryos inside a canister disguised as Barbasol shaving cream, supplied by Dodgson. Because of Nedry, the power goes out and the tour vehicles become stuck. Most of the parks electric fences are deactivated as well, allowing the Tyrannosaurus to escape and attack the tour group. Grant, Lex, and Tim escape, while the Tyrannosaurus injures Malcolm and devours Gennaro. On his way to deliver the embryos to the islands docks, Nedry becomes lost in the rain, crashes his Jeep Wrangler, and is killed by a Dilophosaurus. ",
        "timecode":4500
      },
      {
        "key":"2",
        "text":"Grant, Tim and Lex finally reach the visitor center. Grant heads out to look for Sattler, leaving Tim & Lex inside. Tim and Lex are pursued by the raptors in an industrial kitchen, but they escape and join Grant and Sattler. Lex restores full power from the control room, allowing the group to call Hammond, who in turn calls for help. The group is cornered by the raptors, but they are able to escape when the Tyrannosaurus suddenly appears and kills the raptors. Hammond arrives in a Jeep with Malcolm, and the entire group boards a helicopter to leave the island.",
        "timecode":12000
      }
    ]
    },
    {
    "key":2,
    "title":"The Hunger Games",
    "img":"https://2982-presscdn-29-70-pagely.netdna-ssl.com/wp-content/uploads/2015/11/The-Hunger-Games-Poster1.jpg",
    "duration":22200,
    "year":2012,
    "genre":"Science Fiction",
    "plot":[
      {
        "key":"0",
        "text":"As punishment for a past rebellion, each of the 12 districts of the nation of Panem is forced by the victorious Capitol to annually select two tributes, one boy and one girl between the ages of 12 and 18, to fight to the death in the Hunger Games. In District 12, Katniss Everdeen volunteers after her younger sister Primrose is chosen by lot. She and the male tribute, Peeta Mellark, are escorted to the Capitol by chaperone Effie Trinket and their mentor Haymitch Abernathy, a past District 12 victor, now an alcoholic. Haymitch impresses on them the importance of gaining sponsors, as they can provide gifts of food and supplies during the Games. During a televised interview, Peeta publicly expresses his love for Katniss, which she initially takes as an attempt to earn sponsors for himself, though she later learns that he means it. While training, Katniss observes the Careers: Marvel, Glimmer, Cato, and Clove, tributes from Districts 1 and 2 who have been training for the Games from an early age. ",
        "timecode":1500
      },
      {
        "key":"1",
        "text":"After Rue helps Katniss recover from the poison, they become friends and allies. Katniss devises a plan to destroy the cache of supplies that the Careers have been hoarding.  ",
        "timecode":4500
      },
      {
        "key":"2",
        "text":"Then Crane has wild beasts unleashed into the arena.",
        "timecode":12000
      }
    ]
    },
    {
    "key":3,
    "title":"Ghostbusters",
    "img":"http://netdna.walyou.netdna-cdn.com/wp-content/uploads//2011/10/Ghostbusters-Movie-Poster.jpg",
    "duration":14500,
    "year":1984,
    "genre":"Supernatural",
    "plot":[
      {
        "key":"0",
        "text":"Parapsychologists Peter Venkman, Raymond Stantz, and Egon Spengler are called to the New York Public Library to investigate recent paranormal activity. They encounter the ghost of a dead librarian but are frightened away when she transforms into a horrifying monster. After losing their jobs at Columbia University, the trio establish a paranormal investigation and elimination service known as Ghostbusters. They develop high-tech equipment capable of capturing ghosts and open their business in a disused, run-down firehouse. Egon warns them never to cross the energy streams of their proton pack weapons, as this could cause a catastrophic explosion. They capture their first ghost, Slimer, at a hotel and deposit it in a specially built containment unit in the firehouse basement. As paranormal activity increases in New York City, they hire a fourth member, Winston Zeddemore, to cope with demand. ",
        "timecode":1500
      },
      {
        "key":"1",
        "text":"The Ghostbusters are retained by cellist Dana Barrett, whose apartment is haunted by a demonic spirit, Zuul, a demigod worshipped as a servant to Gozer the Gozerian, a Sumerian shape-shifting god of destruction. ",
        "timecode":4500
      },
      {
        "key":"2",
        "text":"The Ghostbusters are released from custody to combat the supernatural crisis. As they trudge up 22 flights of stairs in Danas building, a romantic encounter between Zuul and Vinz Clortho opens the gate between dimensions and transforms them into supernatural hellhounds. After reaching the roof, the team is unable to prevent the arrival of Gozer, who appears in the form of a woman. Briefly subdued by the team, Gozer disappears, but her voice echoes that the destructor will follow, taking a form chosen by the team. Ray inadvertently recalls a beloved corporate mascot from his childhood—something that could never, ever possibly destroy us— and the destructor arrives in the form of a giant Stay Puft Marshmallow Man and attacks the city. The Ghostbusters cross their proton pack energy streams (reversing the particle flow) and fire them against Gozers portal; the explosion defeats Stay Puft/Gozer and frees Dana and Louis. As thousands of New Yorkers wipe themselves free of marshmallow, the Ghostbusters are welcomed on the street as heroes.",
        "timecode":12000
      }
    ]
    },
    {
    "key":4,
    "title":"Gone With The Wind",
    "img":"http://t3.gstatic.com/images?q=tbn:ANd9GcTseq0r6SRA4KoP__E_MlmffM5RgeFI83YHMxcP5PWfRAlCOMr9",
    "duration":34100,
    "year":1939,
    "genre":"Romance",
    "plot":[
      {
        "key":"0",
        "text":"On the eve of the American Civil War in 1861, Scarlett OHara lives at Tara, her familys cotton plantation in Georgia, with her parents and two sisters. Scarlett learns that Ashley Wilkes, whom she secretly loves, is to be married to his cousin, Melanie Hamilton, and the engagement is to be announced the next day at a barbecue at Ashleys home, the nearby plantation Twelve Oaks. ",
        "timecode":1500
      },
      {
        "key":"1",
        "text":"One day at Franks mill, Scarlett and Ashley are seen embracing by Ashleys sister, India, and harboring an intense dislike of Scarlett she eagerly spreads rumors. Later that evening, Rhett, having heard the rumors, forces Scarlett to attend a birthday party for Ashley; incapable of believing anything bad of her beloved sister-in-law, Melanie stands by Scarletts side so that all know that she believes the gossip to be false. After returning home from the party, Scarlett finds   Rhett downstairs drunk, and they argue about Ashley. Rhett kisses Scarlett against her will, stating his intent to have sex with her that night, and carries the struggling Scarlett to the bedroom. The next day, Rhett apologizes for his behavior and offers Scarlett a divorce, which she rejects, saying that it would be a disgrace. When Rhett returns from an extended trip to London Scarlett informs him that she is pregnant, but an argument ensues which results in her falling down a flight  of stairs and suffering a miscarriage. As she is recovering, tragedy strikes when Bonnie dies while attempting to jump a fence with her pony.  ",
        "timecode":4500
      },
      {
        "key":"2",
        "text":"Scarlett and Rhett visit Melanie, who has suffered complications arising from a new pregnancy, on her deathbed. As Scarlett consoles Ashley, Rhett returns to their home in Atlanta; realizing that Ashley only ever truly loved Melanie, Scarlett dashes after Rhett to find him preparing to leave for good. She pleads with him, telling him she realizes now that she has loved him all along and that she never really loved Ashley, but Rhett says that with Bonnies death went any chance of reconciliation. Scarlett begs him to stay but Rhett rebuffs her and walks out the door and into the early morning fog, leaving her weeping on the staircase and vowing to one day win back his love.",
        "timecode":12000
      }
    ]
    }

]
